Image,Title,Rating,Price,Ad/Organic Result
https://m.media-amazon.com/images/I/71EJdFiOw5L._AC_UY218_.jpg,"ASUS Zenbook A14, Snapdragon X Elite Processor,(Qualcomm Adreno iGPU/16GB RAM/512GB SSD/Windows 11 Home/MS Office 365 Basic (1Year)*/14"" FHD+ OLED/AI PC/Zabriskie Beige/0.98 kg), UX3407RA-QD054WS",No Rating,"1,29,990",Sponsored
https://m.media-amazon.com/images/I/81v5jg9AAKL._AC_UY218_.jpg,"ASUS Vivobook 16, Snapdragon X Processor,(Qualcomm Adreno iGPU/16GB RAM/512GB SSD/Windows 11 Home/MS Office 365 Basic (1Year)*/16"" FHD+/AI PC/Quiet Blue/1.88 kg), X1607QA-MB049WS",5.0,"1,29,990",Sponsored
https://m.media-amazon.com/images/I/71VRrc7V-PL._AC_UY218_.jpg,"ASUS Vivobook Go 14, AMD Ryzen 3 7320U, 8GB RAM, 512GB SSD, FHD, 14""/35.56cm, Windows 11, Office 2021, Black, 1.38KG, E1404FA-NK325WS, 42WHr, Thin and Light Laptop",3.9,"1,29,990",Organic
https://m.media-amazon.com/images/I/61fDHkQ6MqL._AC_UY218_.jpg,"Acer Aspire Lite AMD Ryzen 5-5625U Premium Thin and Light Laptop (16 GB RAM/512 GB SSD/Win11 Home) AL15-41, 39.62 cm (15.6"") FHD Display, Metal Body, Multicolor Backlit Keyboard, Steel Gray, 1.59 KG",3.8,"1,29,990",Organic
https://m.media-amazon.com/images/I/41XYpjPaftL._AC_UY218_.jpg,"Lenovo V14 G3 14"" FHD Laptop, Intel Core i5-1235U, 16GB DDR4 RAM, 512GB SSD, Intel Iris Xe Graphics, Windows 11, Ms-Office Lifetime Validity, Iron Grey,1.6kg, 1 Year Onsite Brand Warranty",3.0,"1,29,990",Organic
https://m.media-amazon.com/images/I/81sI6re6MPL._AC_UL320_.jpg,Highly rated,4.0,"1,29,990",Sponsored
https://m.media-amazon.com/images/I/81sI6re6MPL._AC_UL320_.jpg,"Lenovo LOQ, Intel Core i5-13450HX, 13th Gen, NVIDIA RTX 3050-6GB, 16GB RAM, 512GB SSD, FHD 144Hz 300Nits, 15.6""/39.6cm, Windows 11, MS Office 21, Grey, 2.4Kg, 83DV00BHIN, 100% sRGB Gaming Laptop",4.0,"1,29,990",Organic
https://m.media-amazon.com/images/I/71phX67q6zL._AC_UL320_.jpg,"HP 15S AMD Ryzen 5000 (16GB Ram/512GB SSD/Fhd/Windows 11/Ms Office 21/Backlit Keyboard/ 15.6"" (39.6 Cm)/Silver/2.21 Kg) Eq2305Au/Eq2182Au Laptop",4.0,"1,29,990",Organic
https://m.media-amazon.com/images/I/51dfURQWjOL._AC_UL320_.jpg,"HONOR MagicBook X16 (2024), 12th Gen Intel Core i5-12450H, 16-inch (40.64 cm) FHD IPS Anti-Glare Thin and Light Laptop (16GB/512GB PCIe SSD/Windows 11/ Full-Size Numeric Keyboard /1.68Kg), Gray",4.0,"1,29,990",Organic
https://m.media-amazon.com/images/I/71YqSAgKL7L._AC_UL320_.jpg,"HP Pavilion 14, 12th Gen Intel Core i7-1255U, 16GB DDR4, 1TB SSD, (Win11, Office21, Silver,1.41 kg), IPS, Micro-edge, BrightView,14-inch (35.6cm) FHD Laptop, Intel Iris Xe graphics, HD camera,dv2015TU",4.0,"1,29,990",Organic
https://m.media-amazon.com/images/I/51GGNToj7aL._AC_UL320_.jpg,"Acer Nitro V, Intel Core i5-13th Gen 13420H Processor, NVIDIA GeForce RTX 4050-6 GB GDDR6(16GB DDR5, 1TB) IPS FHD, 39.62cm(15.6"") 165Hz, Win 11 Home, Obsidian Black, 2.113 kg, ANV15-51,Gaming Laptop",4.1,"1,29,990",Organic
https://m.media-amazon.com/images/I/71Vo2dXqhLL._AC_UY218_.jpg,"Apple 2024 MacBook Air 15″ Laptop with M3 chip: 38.91 cm (15.3″) Liquid Retina Display, 24GB Unified Memory, 512GB SSD Storage, Backlit Keyboard, 1080p FaceTime HD Camera, Touch ID- Space Grey",No Rating,"1,59,990",Organic
https://m.media-amazon.com/images/I/81QCRdxIRLL._AC_UY218_.jpg,"Dell Inspiron 3530 Laptop, 13th Generation Intel Core i7-1355U Processor, 16GB, 512GB, 15.6"" (39.62cm) FHD 120Hz Display, Backlit KB, Windows 11 + MSO'21, 15 Month McAfee, Silver, Thin & Light-1.62kg",4.0,"1,59,990",Organic
https://m.media-amazon.com/images/I/5119-Rz0C4L._AC_UY218_.jpg,"(Refurbished) HP 250 G7 7th Gen Intel Core i3 Thin & Light HD Laptop (8 GB DDR4 RAM|1 TB HDD GB HDD|15.5"" HD|Windows 10 Pro|Webcam|Intel HD Graphics)",No Rating,"15,499",Organic
https://m.media-amazon.com/images/I/71d6WSuYrrL._AC_UY218_.jpg,"ASUS Zenbook A14, Snapdragon X Elite Processor,(Qualcomm Adreno iGPU/16GB RAM/512GB SSD/Windows 11 Home/MS Office 365 Basic (1Year)*/14"" FHD+ OLED/AI PC/Iceland Gray/0.98 kg), UX3407RA-QD061WS",No Rating,"1,29,990",Sponsored
https://m.media-amazon.com/images/I/71CCnClM-gL._AC_UY218_.jpg,"ASUS Zenbook A14, Snapdragon X Processor,(Qualcomm Adreno iGPU/16GB RAM/512GB SSD/Windows 11 Home/MS Office 365 Basic (1Year)*/14"" FHD+ OLED/AI PC/Zabriskie Beige/0.98 kg),UX3407QA-QD258WS",No Rating,"99,990",Sponsored
https://m.media-amazon.com/images/I/61yOuUNe3RL._AC_UY218_.jpg,"Dᥱll 5400 Touchscreen Intᥱl i7-8650U, 8GB DDR4 RAM, 256GB SSD, (Win 10, MS Office, Black, 1.48kg) 14"" (35.6cm) FHD, Intᥱl UHD Graphics, HD Camera, Thin & Light Laptop (Rᥱfurbished)",No Rating,"22,995",Organic
https://m.media-amazon.com/images/I/712IuEWXvzL._AC_UY218_.jpg,"HP Victus, 13th Gen Intel Core i7-13620H, 8GB NVIDIA RTX 4060, 16GB DDR4, 1TB SSD (Win11, Office21, Silver, 2.29kg), 144Hz, 9MS, IPS, 15.6-inch(39.6cm), FHD Gaming Laptop, Enhanced Cooling, fa1333TX",3.3,"22,995",Organic
https://m.media-amazon.com/images/I/71bRz-UEILL._AC_UY218_.jpg,"HP 15s, 12th Gen Intel Core i3-1215U, 8GB DDR4, 512GB SSD, (Win 11, Office 21, Silver, 1.69kg) Anti-glare, Micro-edge, 15.6-inch(39.6cm) FHD laptop, Intel UHD Graphics, HD camera, Backlit KB, fq5327tu",4.0,"22,995",Organic
https://m.media-amazon.com/images/I/71Z8mjuvGmL._AC_UY218_.jpg,"HP Laptop 250R G9 (2024), Intel Core i3 13th Gen 1315U - (8GB/512GB SSD/Intel UHD Graphics/Windows 11 Home) Thin and Light Business Laptop/15.6"" (39.62cm)/Ash Grey/1.57 kg",4.6,"22,995",Organic
https://m.media-amazon.com/images/I/51pu+WsoXaL._AC_UY218_.jpg,Lenovo V15 Intel Celeron n4500 FHD 15.6 inch Laptop / 8GB DDR4 Ram and 256GB NVME SSD/Intel UHD Graphics/Windows 11 & MS-Office/Privacy Shutter/Black / 1.6kg / 1 Year Brand Warranty,4.4,"22,995",Organic
https://m.media-amazon.com/images/I/71duqJdFGOL._AC_UY218_.jpg,"Apple 2024 MacBook Air 15″ Laptop with M3 chip: 38.91 cm (15.3″) Liquid Retina Display, 24GB Unified Memory, 512GB SSD Storage, Backlit Keyboard, 1080p FaceTime HD Camera, Touch ID- Midnight",No Rating,"1,67,990",Organic
https://m.media-amazon.com/images/I/81fvJauBWDL._AC_UY218_.jpg,"Lenovo IdeaPad Slim 3, Intel Core i5-12450H 12th Gen, 16GB RAM, 512GB SSD, FHD 250Nits, 14""/35.5cm, Windows 11, MSOffice 21, Grey, 1.37Kg, 83EQ005VIN,1Yr Warranty,Alexa Built-in,3 mon. GamePass Laptop",3.9,"1,67,990",Organic
https://m.media-amazon.com/images/I/51ogdx1gOtL._AC_UY218_.jpg,"Dell Inspiron 3530 Thin & Light Laptop, 13th Gen Intel Core i3-1305U Processor, 8GB, 512GB SSD, 15.6"" (39.62cm) FHD 120Hz 250nits, Standard Keyboard, Windows 11+MSO'21 & 15 Month McAfee, Black, 1.62kg",3.8,"1,67,990",Organic
https://m.media-amazon.com/images/I/71gaqhm080L._AC_UY218_.jpg,"Lenovo IdeaPad 3, Intel Core i3-1215U, 12th Gen, 8GB RAM, 512GB SSD, FHD, 14""/35.5cm, Windows 11, MSOffice 2021, Arctic Grey, 1.43Kg, 82RJ00FUIN, 1 Year Warranty, 3months Game Pass, Thin& Light Laptop",4.0,"1,67,990",Sponsored
https://m.media-amazon.com/images/I/712vCLbaXGL._AC_UY218_.jpg,"Lenovo IdeaPad Slim 1, Intel Core Celeron N4020, 8GB RAM, 512GB SSD, HD, 14"", Windows 11 Home, MS Office 21, Cloud Grey, 1.3Kg, 82V6009LIN, 1Yr Warranty, Thin and Light Laptop",3.7,"1,67,990",Sponsored
https://m.media-amazon.com/images/I/51gdnePMkNL._AC_UL640_QL65_.jpg,iBELL SL-30B Digital Electronic Safe Locker for Personal and Office Use | 30L Black Locker with White LED Light and Emergency Key Access ..,No Rating,"6,160",Sponsored
https://m.media-amazon.com/images/I/5119-Rz0C4L._AC_UY218_.jpg,"(Refurbished) HP 250 G7 7th Gen Intel Core i3 Thin & Light HD Laptop (8 GB DDR4 RAM|1 TB HDD GB HDD|15.5"" HD|Windows 10 Pro|Webcam|Intel HD Graphics)",No Rating,"15,499",Organic
https://m.media-amazon.com/images/I/81s4wKEliIL._AC_UY218_.jpg,"Dyazo Water Resistant Laptop Sleeve with Handle Compatible for 15 Inch to 15.6"" Inches laptops & Notebooks - Grey",4.3,"15,499",Organic
https://m.media-amazon.com/images/I/81fvJauBWDL._AC_UY218_.jpg,"Lenovo IdeaPad Slim 3, Intel Core i5-12450H 12th Gen, 16GB RAM, 512GB SSD, FHD 250Nits, 14""/35.5cm, Windows 11, MSOffice 21, Grey, 1.37Kg, 83EQ005VIN,1Yr Warranty,Alexa Built-in,3 mon. GamePass Laptop",3.9,"15,499",Organic
https://m.media-amazon.com/images/I/510uTHyDqGL._AC_UY218_.jpg,Microsoft New Surface Laptop (7th Edition) - Windows 11 Home Copilot + PC - 13.8” LCD PixelSense Touchscreen - Qualcomm Snapdragon X Plus (10 Core) - 16GB RAM - 512GB SSD - Graphite - ZGM-00059,5.0,"15,499",Organic
https://m.media-amazon.com/images/I/71B0Gu0Iz1L._AC_UY218_.jpg,"Samsung Galaxy Book3 Pro Intel 13th Gen i5 EvoTM 35.56cm(14"") Dynamic Amoled 2X, 3K Display, 120Hz, Ultra Thin & Light Laptop(16 GB/512 GB SSD/Windows 11/MS Office/Graphite/1.17Kg), NP940XFG-KC1IN",3.7,"15,499",Organic
https://m.media-amazon.com/images/I/81V3gzZjLqL._AC_UY218_.jpg,"ASUS Vivobook 16, Snapdragon X Processor,(Qualcomm Adreno iGPU/16GB RAM/512GB SSD/Windows 11 Home/MS Office 365 Basic (1Year)*/16"" FHD+/AI PC/Cool Silver/1.88 kg), X1607QA-MB050WS",5.0,"15,499",Sponsored
https://m.media-amazon.com/images/I/81Hlhi09+-L._AC_UY218_.jpg,"Lenovo IdeaPad Slim 5 Snapdragon X Plus X1P-42-100 (16GB RAM/1TB SSD/Integrated Qualcomm Adreno/Copilot+ PC/WUXGA IPS Display/14 (35.5cm)/Windows 11/MS Office 2021/Grey/1.89Kg), 83HL0035IN AI Laptop",5.0,"15,499",Sponsored
https://m.media-amazon.com/images/I/719OMbh40jL._AC_UY218_.jpg,"HP 15, AMD Ryzen 3 7320U, 8GB LPDDR5, 512GB SSD, Anti-Glare, Micro-Edge, 15.6-inch (39.6 cm), FHD, AMD Radeon Graphics, 1080p HD Camera, (Win 11, Silver, 1.59 kg), fc0154AU",4.0,"15,499",Organic
https://m.media-amazon.com/images/I/51Llzb1uakL._AC_UY218_.jpg,"Acer Aspire 3 Intel Core i3-1305U Processor Laptop with 35.56 cm (14"") Full HD LED-Backlit IPS Display (16 GB RAM/512 GB SSD/WiFi 6/Intel Graphics/Win11 Home/65W) A324-53, Steel Gray, 1.45KG",No Rating,"33,990",Organic
https://m.media-amazon.com/images/I/71TwTzVcVqL._AC_UY218_.jpg,"Samsung Galaxy Book4 (Gray, 16GB RAM, 512GB SSD) | 15.6"" Full HD Screen | Intel Core i5 1335U Processor | Windows 11 Home | MS Office 2021 | Fingerprint Reader | Intel Iris XE Graphics | RJ45 LAN Port",3.9,"33,990",Organic
https://m.media-amazon.com/images/I/71phX67q6zL._AC_UY218_.jpg,"HP 15S AMD Ryzen 5000 (16GB Ram/512GB SSD/Fhd/Windows 11/Ms Office 21/Backlit Keyboard/ 15.6"" (39.6 Cm)/Silver/2.21 Kg) Eq2305Au/Eq2182Au Laptop",4.0,"33,990",Organic
https://m.media-amazon.com/images/I/71hC42cKbsL._AC_UY218_.jpg,"HP Victus, AMD Ryzen 5 5600H, AMD Radeon RX 6500 Graphics, 8GB DDR4, 512GB SSD, IPS, 15.6-inch(39.6cm) FHD Gaming Laptop, Enhanced Cooling (Win 11, Office 21, Blue, 2.37kg) fb0147AX/fb0184AX",3.8,"33,990",Organic
https://m.media-amazon.com/images/I/51Py6MEOAaL._AC_UY218_.jpg,"Chuwi GemiBook Plus 15.6"" Laptop, 8GB RAM 256GB SSD, Windows 11, Intel N100 (Upto 3.4GHz), WIFI 6, USB-A 3.0, Webcam, Bluetooth 5.2, HDMI Port, 38Wh, 1.7kg (Iron Gray)",3.6,"33,990",Organic
https://m.media-amazon.com/images/I/71pVO1U9oeL._AC_UY218_.jpg,"ASUS TUF Gaming, AMD Ryzen AI 9 HX 370, 2.0GHz, NVIDIA GeForce RTX 4060, 32GB RAM, 2TB SSD, FHD 165Hz 400nits, 14"", Windows 11, MS Office 2021, Jaeger Gray, 1.46KG, FA401WV-RG037WS Gaming Laptop",4.3,"33,990",Organic
https://m.media-amazon.com/images/I/513p8BwV-RL._AC_UY218_.jpg,"Acer Aspire Lite AMD Ryzen 3 5300U Premium Thin and Light Laptop (Windows 11 Home/16 GB RAM/512 GB SSD) AL15-41 with 39.62 cm (15.6"") Full HD Display, Metal Body, Steel Gray, 1.6 KG",4.0,"33,990",Organic
https://m.media-amazon.com/images/I/81adHsgHydL._AC_UY218_.jpg,"Lenovo IdeaPad Slim 3 13th Gen Core i3-1305U (8GB RAM/512GB SSD/Integrated Intel UHD Graphics/14 inch (35.5cm)/Windows 11/ MS Office 2021/Grey/1.3Kg), 82X6004GIN Thin & Light Laptop",4.1,"33,990",Sponsored
https://m.media-amazon.com/images/I/71xHNSCyRsL._AC_UY218_.jpg,"Lenovo IdeaPad Slim 1 AMD Ryzen 5 5500U 15.6"" HD Thin and Light Laptop (16GB/512GB SSD/Integrated AMD Graphics/Windows 11 Home/MSO 21/1Yr ADP Free/Cloud Grey/1.61Kg), 82R400ERIN",4.0,"33,990",Sponsored
https://m.media-amazon.com/images/I/51gdnePMkNL._AC_UL640_QL65_.jpg,iBELL SL-30B Digital Electronic Safe Locker for Personal and Office Use | 30L Black Locker with White LED Light and Emergency Key Access ..,No Rating,"6,160",Sponsored
https://m.media-amazon.com/images/I/51Llzb1uakL._AC_UY218_.jpg,"Acer Aspire 3 Intel Core i3-1305U Processor Laptop with 35.56 cm (14"") Full HD LED-Backlit IPS Display (16 GB RAM/512 GB SSD/WiFi 6/Intel Graphics/Win11 Home/65W) A324-53, Steel Gray, 1.45KG",No Rating,"33,990",Organic
https://m.media-amazon.com/images/I/71phX67q6zL._AC_UL320_.jpg,Highly rated,4.0,"33,990",Sponsored
https://m.media-amazon.com/images/I/71phX67q6zL._AC_UL320_.jpg,"HP 15S AMD Ryzen 5000 (16GB Ram/512GB SSD/Fhd/Windows 11/Ms Office 21/Backlit Keyboard/ 15.6"" (39.6 Cm)/Silver/2.21 Kg) Eq2305Au/Eq2182Au Laptop",4.0,"33,990",Organic
https://m.media-amazon.com/images/I/81sI6re6MPL._AC_UL320_.jpg,"Lenovo LOQ, Intel Core i5-13450HX, 13th Gen, NVIDIA RTX 3050-6GB, 16GB RAM, 512GB SSD, FHD 144Hz 300Nits, 15.6""/39.6cm, Windows 11, MS Office 21, Grey, 2.4Kg, 83DV00BHIN, 100% sRGB Gaming Laptop",4.0,"33,990",Organic
https://m.media-amazon.com/images/I/71gaqhm080L._AC_UL320_.jpg,"Lenovo IdeaPad 3, Intel Core i3-1215U, 12th Gen, 8GB RAM, 512GB SSD, FHD, 14""/35.5cm, Windows 11, MSOffice 2021, Arctic Grey, 1.43Kg, 82RJ00FUIN, 1 Year Warranty, 3months Game Pass, Thin& Light Laptop",4.0,"33,990",Organic
https://m.media-amazon.com/images/I/81adHsgHydL._AC_UL320_.jpg,"Lenovo IdeaPad Slim 3 13th Gen Core i3-1305U (8GB RAM/512GB SSD/Integrated Intel UHD Graphics/14 inch (35.5cm)/Windows 11/ MS Office 2021/Grey/1.3Kg), 82X6004GIN Thin & Light Laptop",4.1,"33,990",Organic
https://m.media-amazon.com/images/I/71xHNSCyRsL._AC_UL320_.jpg,"Lenovo IdeaPad Slim 1 AMD Ryzen 5 5500U 15.6"" HD Thin and Light Laptop (16GB/512GB SSD/Integrated AMD Graphics/Windows 11 Home/MSO 21/1Yr ADP Free/Cloud Grey/1.61Kg), 82R400ERIN",4.0,"33,990",Organic
https://m.media-amazon.com/images/I/71duqJdFGOL._AC_UY218_.jpg,"Apple 2024 MacBook Air 15″ Laptop with M3 chip: 38.91 cm (15.3″) Liquid Retina Display, 24GB Unified Memory, 512GB SSD Storage, Backlit Keyboard, 1080p FaceTime HD Camera, Touch ID- Midnight",No Rating,"1,67,990",Organic
https://m.media-amazon.com/images/I/71nXEDrIIUL._AC_UY218_.jpg,"Samsung Galaxy Book4 (Silver, 16GB RAM, 512GB SSD) | 15.6"" Full HD Screen | Intel Core 5 120U Processor | Windows 11 Home | MS Office 2021 | Fingerprint Reader | Intel Iris XE Graphics | RJ45 LAN Port",3.9,"1,67,990",Organic
https://m.media-amazon.com/images/I/61xBASwU+zL._AC_UY218_.jpg,"ASUS TUF Gaming A15, 15.6"" (39.62cm) FHD 16:9 144Hz, AMD Ryzen 7 7435HS, Gaming Laptop (16 DDR5/512GB SSD/NVIDIA GeForce RTX 2050/Windows 11 Home/Graphite Black/2.30 Kg), FA506NFR-HN045W",4.0,"1,67,990",Organic
https://m.media-amazon.com/images/I/717BS4eSaDL._AC_UY218_.jpg,"MSI Pulse 16 AI, Intel Core Ultra 9 185H,Built-in AI, 41CM 16:10 QHD+ 240Hz Gaming Laptop(32GB/1TB NVMe SSD/Windows 11 Home/NVIDIA GeForce RTX 4070, Core Black/2.8Kg), C1VGKG-028IN",No Rating,"1,52,258",Organic
https://m.media-amazon.com/images/I/81QCRdxIRLL._AC_UY218_.jpg,"Dell Inspiron 3530 Thin & Light Laptop, 13th Gen Intel Core i5-1334U Processor, 16GB, 1TB SSD, 15.6"" (39.62cm) FHD Display, Backlit Keyboard, Windows 11 + MSO'24 & 15 Month McAfee, Silver, 1.62kg",3.5,"1,52,258",Organic
https://m.media-amazon.com/images/I/71ENlYdEzLL._AC_UY218_.jpg,"HP 15 AMD Ryzen 3 7320U (8GB Ram/512GB SSD/Fhd/15.6"" (39.6 Cm)/Backlit Keyboard/Windows 11/Ms Office 21/1.59Kg/Silver) Fc0026Au Laptop",3.9,"1,52,258",Organic
https://m.media-amazon.com/images/I/71n4BPDmUNL._AC_UY218_.jpg,"HP 15s, 12th Gen Intel Core i5-1235U, 8GB DDR4, 512GB SSD, (Win 11, Office 21, Silver, 1.69kg), FY5008TU Anti-Glare, 15.6-inch(39.6cm), FHD Laptop, Intel UHD Graphics, Backlit KB, HD Camera, fq5329tu",4.1,"1,52,258",Organic
https://m.media-amazon.com/images/I/61-Y-eWXqtL._AC_UY218_.jpg,"Dell [Smartchoice] Windows 11 Home 3520 Laptop, Intel Core i3-1215U, 12Th Gen (8GB RAM /512GB SSD /Window 11 /MS Office' 21 /15.6""(39.62 Cm) FHD Display /15 Month Mcafee /Black /1.69Kg Thin & Light",3.7,"1,52,258",Organic
https://m.media-amazon.com/images/I/71bDJ9wxxWL._AC_UY218_.jpg,"Lenovo IdeaPad 1 Intel Core Celeron N4020 15"" HD Thin and Light Laptop (8GB/512GB SDD/Windows 11 Home/Office 2021/1 Year ADP Free/Cloud Grey/1.3Kg), 82V700ECIN",3.2,"1,52,258",Sponsored
https://m.media-amazon.com/images/I/71w7I7krBVL._AC_UY218_.jpg,"ASUS Vivobook 15, Intel Core i3-1215U, 8GB RAM, 512GB SSD, FHD 16:9 60Hz 250nits, 15.6""/39.6cm, Windows 11 Home, Office 2021, Cool Silver, 1.7KG, X1504ZA-NJ320WS, Intel UHD Graphics, Backlit Laptop",3.8,"1,52,258",Sponsored
https://m.media-amazon.com/images/I/818yZAoIEsL._AC_UL640_QL65_.jpg,Trading Mastermind Book - Become a Trading Expert From Scratch,4.2,"1,52,258",Sponsored
https://m.media-amazon.com/images/I/41kIqmz4S3L._AC_UY218_.jpg,"Lenovo V15 AMD Ryzen 3 7320U 15.6"" (39.62cm) FHD 250 Nits Antiglare Thin and Light Laptop (8GB/512GB SSD/Windows 11 Home/Arctic Grey/1.63 Kg), 83CQ000XIN",No Rating,"28,490",Organic
https://m.media-amazon.com/images/I/61kBmC8NfGL._AC_UY218_.jpg,"Dyazo 6 Angles Adjustable Aluminum Ergonomic Foldable Portable Tabletop Laptop/Desktop Riser Stand Holder Compatible for MacBook, HP, Dell, Lenovo & All Other Notebook (Silver)",4.3,"28,490",Organic
https://m.media-amazon.com/images/I/71S2YjUCOGL._AC_UY218_.jpg,"HP Laptop 15s, AMD Ryzen 3 5300U, 15.6-inch (39.6 cm), FHD, 8GB DDR4, 512GB SSD, AMD Radeon Graphics, Thin & Light, Dual Speakers (Win 11, MSO 2019, Silver, 1.69 kg), eq2143AU/eq2212au",4.0,"28,490",Organic
https://m.media-amazon.com/images/I/61-CHoaMRZL._AC_UY218_.jpg,"Walker Thin & Light Laptop,14.1""(4GB RAM,128GB SSD)| FHD IPS Display 1920 * 1080 Resolution | Celeron Processor N4020 (Gemini Lake)| UHD Graphics 600|Webcam | Windows 11 Home | Champagne Gold",3.5,"28,490",Sponsored
https://m.media-amazon.com/images/I/712vCLbaXGL._AC_UY218_.jpg,"Lenovo IdeaPad Slim 1, Intel Core Celeron N4020, 8GB RAM, 512GB SSD, HD, 14"", Windows 11 Home, MS Office 21, Cloud Grey, 1.3Kg, 82V6009LIN, 1Yr Warranty, Thin and Light Laptop",3.7,"28,490",Sponsored
https://m.media-amazon.com/images/I/51aoXk4rzXL._AC_UY218_.jpg,"Lenovo V14 G3 (2024), Intel Core i5 12th Gen 1235U - (16GB/512GB SSD/Intel UHD Graphics/DOS) Thin and Light Business Laptop/14.0"" FHD Display/Iron Grey/1.57 kg",3.2,"28,490",Organic
https://m.media-amazon.com/images/I/81Ev2S5nrVL._AC_UY218_.jpg,"Lenovo IdeaPad Pro 5, Intel Core Ultra 9 185H, 32GB RAM, 1TB SSD, 2.8K-OLED 400Nits 120Hz, 14""/35.5cm, Windows 11, MS Office 21, Grey, 1.4Kg, 83D2001GIN,IntelArc GPU, FHD+IRCam, AI Powered Laptop",4.2,"28,490",Organic
https://m.media-amazon.com/images/I/51QcoBERxVL._AC_UY218_.jpg,"Lenovo V15 G3 (2024), Intel Core i3 12th Gen 1215U - (16GB/512GB SSD/Intel UHD Graphics/Windows 11 Pro) Thin and Light Business Laptop/15.6"" FHD Display/Iron Grey/1.7 kg/MS Office 2021 Pro Plus",4.2,"28,490",Organic
https://m.media-amazon.com/images/I/51ex45idxOL._AC_UY218_.jpg,"Lenovo V15 G4, AMD Ryzen 5 7520U Quad Core - (8GB/512GB SSD/AMD Radeon Graphics/Windows 11 Home) Business Laptop/15.6"" FHD Display/Arctic Grey/1.57 kg",4.6,"28,490",Organic
https://m.media-amazon.com/images/I/71mufQFK6wL._AC_UY218_.jpg,"HP 15s, 12th Gen Intel Core i5-1235U,16GB DDR4, 512GB SSD (Win11, Office21, Silver, 1.69kg) Anti-Glare,15.6-inch(39.6cm), FHD Laptop, Intel Iris Xe Graphics, Backlit KB, HD Camera, fq5330TU",3.8,"28,490",Organic
https://m.media-amazon.com/images/I/71nXEDrIIUL._AC_UY218_.jpg,"Samsung Galaxy Book4 (Silver, 16GB RAM, 512GB SSD) | 15.6"" Full HD Screen | Intel Core 5 120U Processor | Windows 11 Home | MS Office 2021 | Fingerprint Reader | Intel Iris XE Graphics | RJ45 LAN Port",3.9,"28,490",Organic
https://m.media-amazon.com/images/I/719atypOUGL._AC_UY218_.jpg,"ASUS Vivobook 16X, Intel Core i5-13420H, RTX 3050, 16GB RAM, 512GB SSD, FHD+ 16"", Windows 11, MS Office 365 Basic(1Year)/Office Home 2024, Indie Black, 1.8KG, K3605VC-RP412WS Laptop",3.5,"28,490",Organic
https://m.media-amazon.com/images/I/71YkQ4CUJCL._AC_UY218_.jpg,"HP 15, AMD Ryzen 5 7520U, 16GB DDR5, 512GB SSD, (Win 11, Office 21, Silver, 1.59kg), Anti-Glare, Micro-Edge, 15.6-inch(39.6cm), FHD Laptop, AMD Radeon Graphics, 1080p FHD Camera, Backlit KB, fc0156AU",3.4,"28,490",Organic
https://m.media-amazon.com/images/I/71GbvoTwsQL._AC_UY218_.jpg,"ASUS Vivobook Go 15 (2023), Intel Core i3-N305, 8GB RAM, 512GB SSD, FHD, 15.6""/39.62cm, Windows 11, MS Office 2021, Silver, 1.63KG, E1504GA-NJ321WS, Integrated Graphics, Backlit KB, Thin&Light Laptop",3.9,"28,490",Sponsored
https://m.media-amazon.com/images/I/61qlqvTsocL._AC_UY218_.jpg,"Acer Aspire 3 Laptop Intel Core Celeron N4500 Processor Laptop (8 GB LPDDR4X SDRAM/256 GB SSD/Win11 Home/38 WHR/HD Webcam) A325-45 with 39.63 cm (15.6"") HD Display, Pure Silver, 1.5 KG",3.4,"28,490",Sponsored
https://m.media-amazon.com/images/I/51gdnePMkNL._AC_UL640_QL65_.jpg,iBELL SL-30B Digital Electronic Safe Locker for Personal and Office Use | 30L Black Locker with White LED Light and Emergency Key Access ..,No Rating,"6,160",Sponsored
https://m.media-amazon.com/images/I/7182A3HpuML._AC_UY218_.jpg,"Lenovo IdeaPad Slim 3 13th Gen Intel Core i3 15.6"" (39.6cm) FHD Laptop (8GB/512GB SSD/Win 11/Office 2021/1 Year Warranty/Alexa Built-in/3 Month Game Pass/Arctic Grey/1.62Kg), 82X70034IN",No Rating,"37,000",Sponsored
https://m.media-amazon.com/images/I/71wjoyqhidL._AC_UY218_.jpg,Artis 65Watt Universal Laptop Adapter with 8 Interchangeable Connector pins (Power Cord Included) Compatible with USB Type C/Dell/HP/Lenovo/ASUS/Acer/Samsung/Compaq/IBM/Toshiba,3.6,"37,000",Organic
https://m.media-amazon.com/images/I/71ejULwMvML._AC_UY218_.jpg,"DYAZO 13"" to 13.3 inch Laptop Sleeve/Cover/Case with Handle & Two Accessories Compatible for Apple, Dell, Lenovo, ASUS, Hp, Samsung, Mi, MacBook and All Other Notebooks (Grey)",4.2,"37,000",Organic
https://m.media-amazon.com/images/I/71FoZtlxWTL._AC_UY218_.jpg,"HP 65W USB C Laptop Charger AC Adapter Replacement for HP Spectre X360,Spectre,Elitebook x360,Elitebook,Envy,Chromebook,Elite x2,ProBook Travel Type C (Fit with 3 Pin Power Cable)",4.7,"37,000",Organic
https://m.media-amazon.com/images/I/81sI6re6MPL._AC_UL320_.jpg,Highly rated,4.0,"37,000",Sponsored
https://m.media-amazon.com/images/I/81sI6re6MPL._AC_UL320_.jpg,"Lenovo LOQ, Intel Core i5-13450HX, 13th Gen, NVIDIA RTX 3050-6GB, 16GB RAM, 512GB SSD, FHD 144Hz 300Nits, 15.6""/39.6cm, Windows 11, MS Office 21, Grey, 2.4Kg, 83DV00BHIN, 100% sRGB Gaming Laptop",4.0,"37,000",Organic
https://m.media-amazon.com/images/I/81adHsgHydL._AC_UL320_.jpg,"Lenovo IdeaPad Slim 3 13th Gen Core i3-1305U (8GB RAM/512GB SSD/Integrated Intel UHD Graphics/14 inch (35.5cm)/Windows 11/ MS Office 2021/Grey/1.3Kg), 82X6004GIN Thin & Light Laptop",4.1,"37,000",Organic
https://m.media-amazon.com/images/I/71phX67q6zL._AC_UL320_.jpg,"HP 15S AMD Ryzen 5000 (16GB Ram/512GB SSD/Fhd/Windows 11/Ms Office 21/Backlit Keyboard/ 15.6"" (39.6 Cm)/Silver/2.21 Kg) Eq2305Au/Eq2182Au Laptop",4.0,"37,000",Organic
https://m.media-amazon.com/images/I/81+SKGgJ9yL._AC_UL320_.jpg,"Lenovo IdeaPad Slim 3 12th Gen Intel Core i3-1215U 15.6"" (39.62cm) FHD Thin & Light Laptop (8GB/512GB SSD/Intel UHD Graphics/Windows 11/Office Home 2024/1Yr ADP Free/Arctic Grey/1.63Kg), 82RK01ABIN",4.0,"37,000",Organic
https://m.media-amazon.com/images/I/51KL3aOZ0tL._AC_UL320_.jpg,"Acer Aspire Lite 12th Gen Intel Core i3-1215U Thin and Light Metal Laptop (Windows 11 Home/8GB RAM/512GB SSD/Intel UHD Graphics/MSO) AL15-52, 39.62cm (15.6"") Full HD Display, Steel Gray(UN.AA3SI.03N)",4.0,"37,000",Organic
No Image,No Title,No Rating,"62,990..00",Organic
https://m.media-amazon.com/images/I/51gdnePMkNL._AC_UL640_QL65_.jpg,iBELL SL-30B Digital Electronic Safe Locker for Personal and Office Use | 30L Black Locker with White LED Light and Emergency Key Access ..,No Rating,"6,160",Sponsored
https://m.media-amazon.com/images/I/51gdnePMkNL._AC_UL640_QL65_.jpg,iBELL SL-30B Digital Electronic Safe Locker for Personal and Office Use | 30L Black Locker with White LED Light and Emergency Key Access ..,No Rating,"6,160",Sponsored
https://m.media-amazon.com/images/I/71gtGGVS3NL._AC_UY218_.jpg,"ASUS Vivobook 16X, 16"" FHD+,44Hz 300nits, Intel Core i5-12500H Processor,(16GB RAM/512GB SSD/GeForce RTX 2050/Windows 11/MS Office 365 Basic(1Year)*/50WHr Battery/Cool Silver/1.8 Kg), K3605ZF-RP458WS",No Rating,"59,990",Organic
https://m.media-amazon.com/images/I/71GDhlX-E-L._AC_UY218_.jpg,DELL (Renewed) Latitude 3440 (2024) Intel Core i3 12th Gen 1215U - (8 GB/512 GB SSD/Intel UHD Graphics/Windows 11 Pro) Thin and Light Business Laptop/14 HD Display/Grey/1.5 kg/,2.7,"59,990",Organic
https://m.media-amazon.com/images/I/51aoXk4rzXL._AC_UY218_.jpg,Lenovo V14 i5 8th Gen/4GB/256GB SSD/DOS,3.8,"59,990",Organic
https://m.media-amazon.com/images/I/71ou62Gk88L._AC_UY218_.jpg,"HP 15, 14th Gen Intel Core 3-100U, 8GB DDR4, 512GB SSD, Anti-Glare, Micro-Edge, 15.6-inch(39.6cm) FHD Laptop, Intel Graphics, 1080p FHD Camera, Backlit KB (Win 11, Office 21, Silver, 1.59kg) fd1095tu",5.0,"59,990",Sponsored
https://m.media-amazon.com/images/I/71DRfT-xl2L._AC_UY218_.jpg,"MSI Modern 14, Intel 12th Gen. i3 1215U,36CM Laptop(8GB/512GB NVMe SSD/Windows 11 Home/UHD Graphic/Classic Black/1.4Kg),C12MO-1205IN",4.1,"59,990",Sponsored
https://m.media-amazon.com/images/I/617U7C1iQkL._AC_UL640_QL65_.jpg,Verilux® USB C Hub 6 in 1 with 87W Power Delivery & USB C Data Transfer Multiport Adapter with 4K@30Hz HDMI SD/TF Card Reader 3.0 USB Hub Type C Hub for MacBook iPhone with Storage Bag 24CM Long Cable,4.0,"59,990",Sponsored
https://m.media-amazon.com/images/I/51gdnePMkNL._AC_UL640_QL65_.jpg,iBELL SL-30B Digital Electronic Safe Locker for Personal and Office Use | 30L Black Locker with White LED Light and Emergency Key Access ..,No Rating,"6,160",Sponsored
https://m.media-amazon.com/images/I/71I8fH4-pGL._AC_UY218_.jpg,"Geonix 1.5 Meter Laptop Power Cable/Cord, 2 Years Warranty (Black)",No Rating,99,Organic
https://m.media-amazon.com/images/I/51Kdw-clYfL._AC_UY218_.jpg,"65W Laptop Charger for HP Pavilion x360 14 15 17, HP Envy 13 15 X360, HP Elitebook 840 G5, HP ProBook HP Chromebook HP Stream Series, HP Spectre 710412-001 19.5V 3.33A HP Adapter",4.4,99,Organic
https://m.media-amazon.com/images/I/71Svo3YjmHL._AC_UY218_.jpg,"ASUS Vivobook Go 14, 14"" FHD (1920 x 1080), AMD Ryzen 5 7520U Processor,(16GB RAM/512GB SSD/AMD Radeon iGPU/Windows 11/MS Office 365 Basic (1Year)*/Office Home 2024/Black/1.38 kg),E1404FA-NK5542WS",3.0,99,Organic
https://m.media-amazon.com/images/I/71qpcLRYtNL._AC_UY218_.jpg,"Zaptec 25 in 1 Precision Small Magnetic Screwdriver Set Multi Pocket Repair Tool Kit for Mobile, Laptop, Electronics, iPad, Mackbook, Watch",4.2,99,Organic
https://m.media-amazon.com/images/I/61qLqPuSszL._AC_UY218_.jpg,"Dyazo ABS Plastic Laptop Stand Height & Angle Adjustable | Foldable | Portable | Laptops Raiser Compatible for MacBook, Lenovo, HP, Dell & Other notebooks Upto 15.6 inch (Black)",4.3,99,Organic
https://m.media-amazon.com/images/I/71oiy2vBmwL._AC_UY218_.jpg,"Lenovo LOQ 2024 12th Gen Intel Core i5-12450HX 15.6"" (39.6cm) 144Hz 300Nits FHD Gaming Laptop (16GB/512GB SSD/NVIDIA RTX 4050 6GB/Win/Grey/2.4Kg), 83GS003VIN +M210 Mouse",No Rating,"74,389",Organic
https://m.media-amazon.com/images/I/81adHsgHydL._AC_UY218_.jpg,"Lenovo IdeaPad Slim 3 13th Gen Core i3-1305U (8GB RAM/512GB SSD/Integrated Intel UHD Graphics/14 inch (35.5cm)/Windows 11/ MS Office 2021/Grey/1.3Kg), 82X6004GIN Thin & Light Laptop",4.1,"74,389",Sponsored
https://m.media-amazon.com/images/I/71gaqhm080L._AC_UY218_.jpg,"Lenovo IdeaPad 3, Intel Core i3-1215U, 12th Gen, 8GB RAM, 512GB SSD, FHD, 14""/35.5cm, Windows 11, MSOffice 2021, Arctic Grey, 1.43Kg, 82RJ00FUIN, 1 Year Warranty, 3months Game Pass, Thin& Light Laptop",4.0,"74,389",Sponsored
https://m.media-amazon.com/images/I/51gdnePMkNL._AC_UL640_QL65_.jpg,iBELL SL-30B Digital Electronic Safe Locker for Personal and Office Use | 30L Black Locker with White LED Light and Emergency Key Access ..,No Rating,"6,160",Sponsored
https://m.media-amazon.com/images/I/61q4199LnpL._AC_UY218_.jpg,"NHCDFA 2Pcs Laptop Stand, Laptop Holder, Laptop Phone Mount with 2 Adjustable Angles Self Adhesive Invisible Notebook Stand Mini Foldable Portable Computer Keyboard Riser",No Rating,349,Organic
https://m.media-amazon.com/images/I/71S2YjUCOGL._AC_UY218_.jpg,"HP Laptop 15s, AMD Ryzen 3 5300U, 15.6-inch (39.6 cm), FHD, 8GB DDR4, 512GB SSD, AMD Radeon Graphics, Thin & Light, Dual Speakers (Win 11, MSO 2019, Silver, 1.69 kg), eq2143AU/eq2212au",4.0,349,Organic
https://m.media-amazon.com/images/I/71gaqhm080L._AC_UY218_.jpg,"Lenovo IdeaPad 3, Intel Core i3-1215U, 12th Gen, 8GB RAM, 512GB SSD, FHD, 14""/35.5cm, Windows 11, MSOffice 2021, Arctic Grey, 1.43Kg, 82RJ00FUIN, 1 Year Warranty, 3months Game Pass, Thin& Light Laptop",4.0,349,Sponsored
https://m.media-amazon.com/images/I/719+CaSnPxL._AC_UY218_.jpg,"Lenovo V15 12th Gen Intel Core i7-1255U 15.6"" FHD Thin and Light Laptop (16GB RAM/512GB SSD/Windows 11 Home/MS Office Home & Student 2021/Iron Grey/1.70 kg), 82TTA073IN",3.1,349,Sponsored
https://m.media-amazon.com/images/I/51gdnePMkNL._AC_UL640_QL65_.jpg,iBELL SL-30B Digital Electronic Safe Locker for Personal and Office Use | 30L Black Locker with White LED Light and Emergency Key Access ..,No Rating,"6,160",Sponsored
https://m.media-amazon.com/images/I/7182A3HpuML._AC_UY218_.jpg,"Lenovo IdeaPad Slim 3 13th Gen Intel Core i3 15.6"" (39.6cm) FHD Laptop (8GB/512GB SSD/Win 11/Office 2021/1 Year Warranty/Alexa Built-in/3 Month Game Pass/Arctic Grey/1.62Kg), 82X70034IN",No Rating,"37,000",Sponsored
https://m.media-amazon.com/images/I/71gaqhm080L._AC_UY218_.jpg,"Lenovo IdeaPad 3, Intel Core i3-1215U, 12th Gen, 8GB RAM, 512GB SSD, FHD, 14""/35.5cm, Windows 11, MSOffice 2021, Arctic Grey, 1.43Kg, 82RJ00FUIN, 1 Year Warranty, 3months Game Pass, Thin& Light Laptop",4.0,"37,000",Sponsored
https://m.media-amazon.com/images/I/61ZEkMXevXL._AC_UY218_.jpg,"Lenovo Tab Plus with Octa JBL Hi-Fi Speakers| 8 GB RAM, 128 GB ROM| 11.5 Inch, 2K, 90 Hz Refresh| Wi-Fi Tablet| Android 14| 45 W Fast Charger| Built-in Kickstand| Color: Luna Grey",4.3,"37,000",Organic
https://m.media-amazon.com/images/I/81ryNdYePXL._AC_UY218_.jpg,"Dyazo Laptop Sleeve Compatible for 13"" / 13.3 Inch Notebook Compatible with MacBook Pro/Air & all Notebooks with 2 front Accessory Pocket with handle (Blue)",4.3,"37,000",Organic
https://m.media-amazon.com/images/I/61qlp++x+7L._AC_UY218_.jpg,"HP Laptop 15, AMD Ryzen™ 5 7520U, 15.6-inch (39.6 cm), FHD, 8GB LPDDR5, 512GB SSD, Dual Speakers,MSO,Windows 11,Natural Silver, 1.69 kg, 15s-fc0155AU",5.0,"37,000",Sponsored
https://m.media-amazon.com/images/I/71w7I7krBVL._AC_UY218_.jpg,"ASUS Vivobook 15, Intel Core i3-1215U, 8GB RAM, 512GB SSD, FHD 16:9 60Hz 250nits, 15.6""/39.6cm, Windows 11 Home, Office 2021, Cool Silver, 1.7KG, X1504ZA-NJ320WS, Intel UHD Graphics, Backlit Laptop",3.8,"37,000",Sponsored
